Data,Abertura,Fechamento,Variacao,Minimo,Maximo
"2016-01-04 00:00:00",43348,42141,-2.79,42125,43348
"2016-01-05 00:00:00",42139,42419,0.66,42137,42533
"2016-01-06 00:00:00",42409,41773,-1.52,41589,42409
"2016-01-07 00:00:00",41772,40694,-2.58,40694,41772
"2016-01-08 00:00:00",40695,40612,-0.2,40463,41217
"2016-01-11 00:00:00",40612,39950,-1.63,39924,40973
"2016-01-12 00:00:00",39954,39513,-1.09,39425,40261
"2016-01-13 00:00:00",39518,38944,-1.44,38822,40050
"2016-01-14 00:00:00",38944,39500,1.43,38458,39501
"2016-01-15 00:00:00",39493,38569,-2.36,37986,39493
"2016-01-18 00:00:00",38572,37937,-1.64,37937,38633
"2016-01-19 00:00:00",37941,38057,0.32,37941,38856
"2016-01-20 00:00:00",38056,37645,-1.08,37046,38056
"2016-01-21 00:00:00",37647,37717,0.19,37494,38079
"2016-01-22 00:00:00",37736,38031,0.83,37736,38443
"2016-01-26 00:00:00",38031,37497,-1.4,37112,38031
"2016-01-27 00:00:00",37500,38376,2.34,37402,38765
"2016-01-28 00:00:00",38376,38630,0.66,37996,39099
"2016-01-29 00:00:00",38634,40405,4.59,38634,40405
"2016-02-01 00:00:00",40396,40570,0.41,39738,40570
"2016-02-02 00:00:00",40563,38596,-4.87,38596,40563
"2016-02-03 00:00:00",38597,39589,2.57,38597,39726
"2016-02-04 00:00:00",39589,40822,3.11,39589,41444
"2016-02-05 00:00:00",40812,40592,-0.56,40566,41249
"2016-02-10 00:00:00",40592,40377,-0.53,39960,40592
"2016-02-11 00:00:00",40370,39318,-2.62,38928,40370
"2016-02-12 00:00:00",39324,39808,1.25,39324,39901
"2016-02-15 00:00:00",39808,40093,0.72,39808,40671
"2016-02-16 00:00:00",40093,40948,2.13,40074,41206
"2016-02-17 00:00:00",40958,41631,1.67,40958,42436
"2016-02-18 00:00:00",41624,41478,-0.37,41183,41698
"2016-02-19 00:00:00",41477,41543,0.16,41071,41828
"2016-02-22 00:00:00",41544,43235,4.07,41544,43345
"2016-02-23 00:00:00",43235,42521,-1.65,42359,43601
"2016-02-24 00:00:00",42521,42085,-1.03,41211,42521
"2016-02-25 00:00:00",42084,41888,-0.47,41442,42327
"2016-02-26 00:00:00",41889,41593,-0.7,41417,42495
"2016-02-29 00:00:00",41599,42794,2.89,41599,43053
"2016-03-01 00:00:00",42795,44122,3.1,42795,44181
"2016-03-02 00:00:00",44122,44893,1.75,43841,44983
"2016-03-03 00:00:00",44900,47193,5.12,44900,47375
"2016-03-04 00:00:00",47194,49085,4.01,47194,50024
"2016-03-07 00:00:00",49089,49246,0.33,48746,49639
"2016-03-08 00:00:00",49244,49102,-0.29,48847,49914
"2016-03-09 00:00:00",49102,48665,-0.89,48623,50001
"2016-03-10 00:00:00",48667,49571,1.86,47922,49974
"2016-03-11 00:00:00",49574,49639,0.14,49156,50038
"2016-03-14 00:00:00",49639,48867,-1.55,48757,50166
"2016-03-15 00:00:00",48866,47130,-3.56,46684,48866
"2016-03-16 00:00:00",47130,47763,1.34,46521,47814
"2016-03-17 00:00:00",47770,50914,6.6,47770,51268
"2016-03-18 00:00:00",50915,50815,-0.19,50202,51308
"2016-03-21 00:00:00",50816,51172,0.7,50765,51370
"2016-03-22 00:00:00",51170,51010,-0.32,50812,51215
"2016-03-23 00:00:00",51005,49690,-2.59,49491,51005
"2016-03-24 00:00:00",49686,49657,-0.07,48778,49686
"2016-03-28 00:00:00",49687,50838,2.38,49687,51149
"2016-03-29 00:00:00",50839,51155,0.62,50387,51765
"2016-03-30 00:00:00",51155,51249,0.18,50900,52262
"2016-03-31 00:00:00",51248,50055,-2.33,49642,51248
"2016-04-01 00:00:00",50054,50562,1.01,49361,50768
"2016-04-04 00:00:00",50556,48780,-3.52,48600,50556
"2016-04-05 00:00:00",48778,49054,0.56,48149,49629
"2016-04-06 00:00:00",49054,48096,-1.95,47874,49054
"2016-04-07 00:00:00",48099,48513,0.87,48099,48940
"2016-04-08 00:00:00",48517,50293,3.67,48517,50486
"2016-04-11 00:00:00",50303,50165,-0.25,50078,51089
"2016-04-12 00:00:00",50166,52002,3.66,50166,52327
"2016-04-13 00:00:00",52010,53150,2.21,52010,53844
"2016-04-14 00:00:00",53150,52411,-1.39,52242,53699
"2016-04-15 00:00:00",52414,53228,1.56,52414,53390
"2016-04-18 00:00:00",53229,52894,-0.63,52305,53479
"2016-04-19 00:00:00",52894,53710,1.54,52894,54054
"2016-04-20 00:00:00",53711,53631,-0.15,53149,53857
"2016-04-22 00:00:00",53630,52908,-1.35,52629,53630
"2016-04-25 00:00:00",52911,51862,-1.98,51748,52949
"2016-04-26 00:00:00",51867,53083,2.35,51838,53108
"2016-04-27 00:00:00",53094,54478,2.63,53094,54560
"2016-04-28 00:00:00",54475,54312,-0.3,53963,54978
"2016-04-29 00:00:00",54317,53911,-0.74,53592,54705
"2016-05-02 00:00:00",53910,53562,-0.65,53265,54113
"2016-05-03 00:00:00",53557,52260,-2.43,52260,53557
"2016-05-04 00:00:00",52253,52553,0.56,51931,52672
"2016-05-05 00:00:00",52569,51671,-1.68,51311,53071
"2016-05-06 00:00:00",51671,51718,0.09,51204,52159
"2016-05-09 00:00:00",51717,50990,-1.41,49908,51717
"2016-05-10 00:00:00",50994,53071,4.08,50994,53071
"2016-05-11 00:00:00",53072,52764,-0.58,52736,53976
"2016-05-12 00:00:00",52765,53241,0.9,52424,53703
"2016-05-13 00:00:00",53236,51804,-2.7,51366,53250
"2016-05-16 00:00:00",51803,51803,0,51585,52305
"2016-05-17 00:00:00",51795,50839,-1.86,50689,51946
"2016-05-18 00:00:00",50836,50562,-0.55,50301,51373
"2016-05-19 00:00:00",50556,50142,-0.83,49588,50556
"2016-05-20 00:00:00",50133,49723,-0.84,49723,50822
"2016-05-23 00:00:00",49709,49330,-0.79,48695,49709
"2016-05-24 00:00:00",49330,49345,0.03,49153,50002
"2016-05-25 00:00:00",49347,49483,0.28,49347,50357
"2016-05-27 00:00:00",49481,49051,-0.87,49108,49805
"2016-05-30 00:00:00",49051,48964,-0.18,48799,49203
"2016-05-31 00:00:00",48963,48472,-1.01,48292,49269
"2016-06-01 00:00:00",48468,49013,1.12,48200,49057
"2016-06-02 00:00:00",49008,49887,1.78,48781,49906
"2016-06-03 00:00:00",49888,50620,1.47,49888,50634
"2016-06-06 00:00:00",50627,50432,-0.37,50097,50924
"2016-06-07 00:00:00",50432,50488,0.11,50005,50641
"2016-06-08 00:00:00",50490,51629,2.26,50490,51812
"2016-06-09 00:00:00",51633,51118,-0.99,50832,51633
"2016-06-10 00:00:00",51117,49422,-3.32,49421,51117
"2016-06-13 00:00:00",49419,49661,0.48,48804,49764
"2016-06-14 00:00:00",49662,48648,-2.04,48216,49894
"2016-06-15 00:00:00",48649,48915,0.55,48324,49415
"2016-06-16 00:00:00",48901,49412,1.02,48067,49412
"2016-06-17 00:00:00",49409,49534,0.25,49405,50191
"2016-06-20 00:00:00",49539,50329,1.61,49539,50782
"2016-06-21 00:00:00",50326,50838,1.01,49678,50870
"2016-06-22 00:00:00",50835,50156,-1.34,50060,51239
"2016-06-23 00:00:00",50161,51560,2.8,50161,51673
"2016-06-24 00:00:00",51561,50105,-2.82,49544,51561
"2016-06-27 00:00:00",50106,49246,-1.72,48954,50162
"2016-06-28 00:00:00",49252,50007,1.55,49252,50301
"2016-06-29 00:00:00",50009,51002,1.99,50009,51229
"2016-06-30 00:00:00",51001,51527,1.03,50585,51619
"2016-07-01 00:00:00",51540,52233,1.37,51411,52346
"2016-07-04 00:00:00",52241,52569,0.64,52241,52918
"2016-07-05 00:00:00",52565,51842,-1.38,51510,52565
"2016-07-06 00:00:00",51842,51902,0.11,50825,51909
"2016-07-07 00:00:00",51902,52015,0.22,51888,52719
"2016-07-08 00:00:00",52020,53139,2.16,52020,53166
"2016-07-11 00:00:00",53143,53960,1.54,53143,54021
"2016-07-12 00:00:00",53961,54256,0.55,53961,54746
"2016-07-13 00:00:00",54256,54598,0.63,53733,54647
"2016-07-14 00:00:00",54601,55481,1.62,54601,55634
"2016-07-15 00:00:00",55482,55578,0.18,55233,55649
"2016-07-18 00:00:00",55573,56484,1.63,55355,56509
"2016-07-19 00:00:00",56487,56698,0.38,56246,56698
"2016-07-20 00:00:00",56699,56578,-0.21,56221,56927
"2016-07-21 00:00:00",56578,56641,0.11,56233,56906
"2016-07-22 00:00:00",56641,57002,0.64,56518,57171
"2016-07-25 00:00:00",57006,56873,-0.23,56398,57205
"2016-07-26 00:00:00",56876,56783,-0.16,56708,57310
"2016-07-27 00:00:00",56788,56853,0.12,56788,57380
"2016-07-28 00:00:00",56853,56667,-0.33,55993,56853
"2016-07-29 00:00:00",56664,57308,1.13,56340,57474
"2016-08-01 00:00:00",57309,56756,-0.96,56676,57729
"2016-08-02 00:00:00",56756,56162,-1.05,55696,56974
"2016-08-03 00:00:00",56157,57077,1.63,55788,57101
"2016-08-04 00:00:00",57076,57594,0.91,57076,58030
"2016-08-05 00:00:00",57609,57661,0.12,57290,57951
"2016-08-08 00:00:00",57655,57635,-0.04,57504,57917
"2016-08-09 00:00:00",57637,57689,0.09,57615,58095
"2016-08-10 00:00:00",57690,56920,-1.33,56735,57953
"2016-08-11 00:00:00",56925,58300,2.42,56923,58308
"2016-08-12 00:00:00",58300,58298,0,57987,58753
"2016-08-15 00:00:00",58316,59146,1.45,58316,59324
"2016-08-16 00:00:00",59144,58855,-0.49,58589,59187
"2016-08-17 00:00:00",58847,59324,0.8,58081,59324
"2016-08-18 00:00:00",59324,59166,-0.27,58829,59418
"2016-08-19 00:00:00",59158,59099,-0.11,58599,59240
"2016-08-22 00:00:00",59080,57781,-2.23,57631,59099
"2016-08-23 00:00:00",57781,58020,0.41,57781,58596
"2016-08-24 00:00:00",58019,57718,-0.52,57456,58332
"2016-08-25 00:00:00",57718,57722,0.01,57639,58124
"2016-08-26 00:00:00",57725,57716,-0.01,57259,58655
"2016-08-29 00:00:00",57717,58610,1.55,57642,58957
"2016-08-30 00:00:00",58610,58575,-0.06,58293,58882
"2016-08-31 00:00:00",58580,57901,-1.15,57506,58910
"2016-09-01 00:00:00",57901,58236,0.58,57638,58417
"2016-09-02 00:00:00",58241,59616,2.37,58241,59655
"2016-09-05 00:00:00",59616,59566,-0.08,59402,59986
"2016-09-06 00:00:00",59566,60129,0.95,59182,60129
"2016-09-08 00:00:00",60129,60232,0.17,59743,60311
"2016-09-09 00:00:00",60220,58000,-3.71,57961,60220
"2016-09-12 00:00:00",57998,58586,1.01,57511,58595
"2016-09-13 00:00:00",58580,56821,-3.01,56459,58580
"2016-09-14 00:00:00",56812,57059,0.42,56694,57342
"2016-09-15 00:00:00",57068,57909,1.49,57068,58127
"2016-09-16 00:00:00",57909,57080,-1.43,56794,57909
"2016-09-19 00:00:00",57083,57350,0.47,57083,58025
"2016-09-20 00:00:00",57356,57736,0.67,57356,57902
"2016-09-21 00:00:00",57736,58394,1.14,57326,58575
"2016-09-22 00:00:00",58408,58994,1.03,58408,59462
"2016-09-23 00:00:00",58992,58697,-0.5,58409,59131
"2016-09-26 00:00:00",58697,58054,-1.1,57904,58697
"2016-09-27 00:00:00",58066,58382,0.57,57411,58490
"2016-09-28 00:00:00",58383,59356,1.67,58353,59415
"2016-09-29 00:00:00",59346,58351,-1.69,58292,59621
"2016-09-30 00:00:00",58350,58367,0.03,58271,58900
"2016-10-03 00:00:00",58370,59461,1.87,58367,59549
"2016-10-04 00:00:00",59461,59339,-0.21,58892,59580
"2016-10-05 00:00:00",59340,60254,1.54,59340,60477
"2016-10-06 00:00:00",60254,60644,0.65,60070,60724
"2016-10-07 00:00:00",60645,61109,0.77,60479,61275
"2016-10-10 00:00:00",61130,61668,0.92,61130,61756
"2016-10-11 00:00:00",61668,61022,-1.05,60885,61668
"2016-10-13 00:00:00",61020,61119,0.16,60243,61329
"2016-10-14 00:00:00",61120,61767,1.06,61120,62039
"2016-10-17 00:00:00",61768,62696,1.5,61719,62696
"2016-10-18 00:00:00",62701,63782,1.73,62701,63937
"2016-10-19 00:00:00",63784,63506,-0.43,63309,64089
"2016-10-20 00:00:00",63495,63838,0.52,62729,63927
"2016-10-21 00:00:00",63838,64108,0.42,63379,64372
"2016-10-24 00:00:00",64141,64060,-0.08,63914,64691
"2016-10-25 00:00:00",64059,63866,-0.3,63248,64266
"2016-10-26 00:00:00",63860,63826,-0.06,63084,63924
"2016-10-27 00:00:00",63827,64250,0.66,63827,64609
"2016-10-28 00:00:00",64251,64308,0.09,63778,64728
"2016-10-31 00:00:00",64312,64925,0.96,64312,65054
"2016-11-01 00:00:00",64922,63326,-2.46,63019,65291
"2016-11-03 00:00:00",63325,61750,-2.49,61750,63524
"2016-11-04 00:00:00",61749,61598,-0.25,61491,62699
"2016-11-07 00:00:00",61601,64052,3.98,61601,64193
"2016-11-08 00:00:00",64052,64158,0.17,63381,64767
"2016-11-09 00:00:00",64157,63258,-1.4,61794,64358
"2016-11-10 00:00:00",63261,61201,-3.25,60553,63903
"2016-11-11 00:00:00",61199,59184,-3.3,58921,61626
"2016-11-14 00:00:00",59183,59657,0.8,58322,59961
"2016-11-16 00:00:00",59659,60759,1.85,59364,60915
"2016-11-17 00:00:00",60763,59770,-1.63,59746,61493
"2016-11-18 00:00:00",59770,59962,0.32,59327,60193
"2016-11-21 00:00:00",59963,61070,1.85,59963,61070
"2016-11-22 00:00:00",61072,61954,1.45,61072,62550
"2016-11-23 00:00:00",61956,61986,0.05,61234,62046
"2016-11-24 00:00:00",61999,61396,-0.95,61392,62105
"2016-11-25 00:00:00",61394,61559,0.27,60573,61559
"2016-11-28 00:00:00",61559,62856,2.11,61240,62934
"2016-11-29 00:00:00",62859,60987,-2.97,60980,62859
"2016-11-30 00:00:00",60994,61906,1.51,60994,62590
"2016-12-01 00:00:00",61906,59507,-3.88,59058,61911
"2016-12-02 00:00:00",59499,60316,1.36,58092,60379
"2016-12-05 00:00:00",60322,59832,-0.8,59635,60720
"2016-12-06 00:00:00",59828,61088,2.1,59396,61235
"2016-12-07 00:00:00",61111,61414,0.53,61062,61918
"2016-12-08 00:00:00",61430,60677,-1.2,60499,61936
"2016-12-09 00:00:00",60688,60501,-0.29,60316,61129
"2016-12-12 00:00:00",60517,59179,-2.19,59035,60517
"2016-12-13 00:00:00",59178,59281,0.17,58758,59946
"2016-12-14 00:00:00",59280,58212,-1.8,58212,59338
"2016-12-15 00:00:00",58214,58396,0.32,57575,58635
"2016-12-16 00:00:00",58398,58389,-0.01,58365,59312
"2016-12-19 00:00:00",58390,57111,-2.19,57109,58600
"2016-12-20 00:00:00",57116,57583,0.83,57038,57918
"2016-12-21 00:00:00",57583,57647,0.11,57222,58049
"2016-12-22 00:00:00",57646,57255,-0.68,56829,57646
"2016-12-23 00:00:00",57255,57937,1.19,57255,58143
"2016-12-26 00:00:00",57941,58620,1.18,57941,58781
"2016-12-27 00:00:00",58627,58697,0.13,58402,59068
"2016-12-28 00:00:00",58688,59782,1.85,58688,59911
"2016-12-29 00:00:00",59782,60227,0.75,59278,60248
"2017-01-02 00:00:00",60227,59589,-1.06,59371,60227
"2017-01-03 00:00:00",59631,61814,3.73,59631,61815
"2017-01-04 00:00:00",61811,61589,-0.36,61302,61940
"2017-01-05 00:00:00",61594,62071,0.78,61594,62409
"2017-01-06 00:00:00",62072,61665,-0.65,61396,62072
"2017-01-09 00:00:00",61680,61700,0.06,61307,62112
"2017-01-10 00:00:00",61710,62132,0.7,61710,62446
"2017-01-11 00:00:00",62134,62446,0.51,61665,62674
"2017-01-12 00:00:00",62448,63954,2.41,62448,64342
"2017-01-13 00:00:00",63940,63652,-0.47,63366,64092
"2017-01-16 00:00:00",63652,63831,0.28,63556,64014
"2017-01-17 00:00:00",63827,64354,0.82,63456,64658
"2017-01-18 00:00:00",64360,64150,-0.32,64063,64680
"2017-01-19 00:00:00",64145,63951,-0.31,63574,64456
"2017-01-20 00:00:00",63951,64521,0.89,63951,64694
"2017-01-23 00:00:00",64519,65749,1.9,64500,65816
"2017-01-24 00:00:00",65752,65840,0.14,65615,66173
"2017-01-26 00:00:00",65842,66191,0.53,65842,66594
"2017-01-27 00:00:00",66195,66034,-0.24,65876,66242
"2017-01-30 00:00:00",66025,64302,-2.62,64165,66025
"2017-01-31 00:00:00",64310,64671,0.57,64284,64901
"2017-02-01 00:00:00",64687,64836,0.26,64687,65594
"2017-02-02 00:00:00",64835,64578,-0.4,64163,65132
"2017-02-03 00:00:00",64579,64954,0.58,64264,65387
"2017-02-06 00:00:00",64957,63993,-1.48,63933,65327
"2017-02-07 00:00:00",64022,64199,0.32,63938,64815
"2017-02-08 00:00:00",64200,64835,0.99,63740,64835
"2017-02-09 00:00:00",64850,64965,0.2,64587,65302
"2017-02-10 00:00:00",64965,66125,1.79,64935,66292
"2017-02-13 00:00:00",66125,66968,1.28,66125,67094
"2017-02-14 00:00:00",66971,66713,-0.38,66251,67110
"2017-02-15 00:00:00",66712,67976,1.89,66712,68016
"2017-02-16 00:00:00",67979,67814,-0.24,67661,68456
"2017-02-17 00:00:00",67814,67748,-0.1,67158,67819
"2017-02-20 00:00:00",67756,68533,1.16,67756,68674
"2017-02-21 00:00:00",68536,69052,0.76,68536,69112
"2017-02-22 00:00:00",69052,68590,-0.67,68282,69052
"2017-02-23 00:00:00",68591,67461,-1.64,67279,69488
"2017-02-24 00:00:00",67458,66662,-1.18,66452,67458
"2017-03-01 00:00:00",66661,66989,0.49,66661,67398
"2017-03-02 00:00:00",67000,65855,-1.69,65594,67035
"2017-03-03 00:00:00",65860,66786,1.41,65860,66801
"2017-03-06 00:00:00",66786,66341,-0.67,66119,66892
"2017-03-07 00:00:00",66343,65742,-0.9,65668,66641
"2017-03-08 00:00:00",65748,64718,-1.56,64496,65810
"2017-03-09 00:00:00",64718,64585,-0.21,64203,65068
"2017-03-10 00:00:00",64586,64675,0.14,64472,65725
"2017-03-13 00:00:00",64674,65534,1.33,64674,65651
"2017-03-14 00:00:00",65511,64699,-1.27,64699,65549
"2017-03-15 00:00:00",64702,66235,2.37,64537,66318
"2017-03-16 00:00:00",66232,65783,-0.68,65531,66554
"2017-03-17 00:00:00",65783,64210,-2.39,64152,66205
"2017-03-20 00:00:00",64210,64884,1.05,63672,65136
"2017-03-21 00:00:00",64884,62975,-2.94,62795,64965
"2017-03-22 00:00:00",62980,63521,0.87,62496,63747
"2017-03-23 00:00:00",63521,63531,0.01,62840,63942
"2017-03-24 00:00:00",63554,63854,0.51,63469,63997
"2017-03-27 00:00:00",63829,64308,0.71,63030,64356
"2017-03-28 00:00:00",64308,64640,0.52,64042,64847
"2017-03-29 00:00:00",64636,65528,1.37,64476,65551
"2017-03-30 00:00:00",65541,65266,-0.4,65070,65775
"2017-03-31 00:00:00",65266,64984,-0.43,64859,65597
"2017-04-03 00:00:00",64989,65211,0.35,64774,65384
"2017-04-04 00:00:00",65212,65761,0.84,64990,65775
"2017-04-05 00:00:00",65770,64775,-1.5,64493,66211
"2017-04-06 00:00:00",64775,64223,-0.85,63762,64921
"2017-04-07 00:00:00",64202,64593,0.58,64016,65197
"2017-04-10 00:00:00",64593,64650,0.09,64115,64928
"2017-04-11 00:00:00",64650,64360,-0.45,63351,64872
"2017-04-12 00:00:00",64362,63892,-0.73,63814,64456
"2017-04-13 00:00:00",63891,62826,-1.67,62826,63992
"2017-04-17 00:00:00",62828,64335,2.4,62828,64424
"2017-04-18 00:00:00",64336,64159,-0.27,63717,64591
"2017-04-19 00:00:00",64165,63407,-1.17,63219,64572
"2017-04-20 00:00:00",63406,63761,0.56,63388,64163
"2017-04-24 00:00:00",63761,64389,0.99,63761,64754
"2017-04-25 00:00:00",64384,65148,1.18,63875,65148
"2017-04-26 00:00:00",65144,64862,-0.44,64679,65436
"2017-04-27 00:00:00",64872,64677,-0.29,64292,65327
"2017-04-28 00:00:00",64679,65403,1.12,64592,65403
"2017-05-02 00:00:00",65404,66722,2.02,65404,66877
"2017-05-03 00:00:00",66720,66094,-0.94,65898,66758
"2017-05-04 00:00:00",66069,64863,-1.86,64721,66099
"2017-05-05 00:00:00",64869,65710,1.31,64863,65768
"2017-05-08 00:00:00",65705,65526,-0.28,65295,66015
"2017-05-09 00:00:00",65533,66278,1.15,65533,66536
"2017-05-10 00:00:00",66284,67350,1.62,66284,67528
"2017-05-11 00:00:00",67355,67538,0.28,67191,67709
"2017-05-12 00:00:00",67536,68222,1.01,67536,68429
"2017-05-15 00:00:00",68227,68474,0.37,68081,68593
"2017-05-16 00:00:00",68473,68685,0.31,68124,68792
"2017-05-17 00:00:00",68674,67540,-1.67,67163,68674
"2017-05-18 00:00:00",67536,61597,-8.8,60315,67536
"2017-05-19 00:00:00",61597,62639,1.69,61597,63488
"2017-05-22 00:00:00",62638,61673,-1.54,60925,62638
"2017-05-23 00:00:00",61670,62662,1.6,61670,62775
"2017-05-24 00:00:00",62673,63257,0.95,62673,64016
"2017-05-25 00:00:00",63256,63227,-0.05,62762,63991
"2017-05-26 00:00:00",63228,64085,1.36,63228,64170
"2017-05-29 00:00:00",64055,63761,-0.51,63531,64055
"2017-05-30 00:00:00",63765,63962,0.32,63720,64107
"2017-05-31 00:00:00",63961,62711,-1.96,62673,63984
"2017-06-01 00:00:00",62711,62289,-0.67,62165,63293
"2017-06-02 00:00:00",62289,62511,0.36,62161,62773
"2017-06-05 00:00:00",62503,62450,-0.1,62010,62800
"2017-06-06 00:00:00",62450,62955,0.81,62426,63302
"2017-06-07 00:00:00",62955,63171,0.34,62912,63637
"2017-06-08 00:00:00",63171,62756,-0.66,62376,63171
"2017-06-09 00:00:00",62755,62211,-0.87,62095,63066
"2017-06-12 00:00:00",62219,61700,-0.82,61279,62286
"2017-06-13 00:00:00",61708,61829,0.21,61510,62012
"2017-06-14 00:00:00",61831,61923,0.15,61508,62475
"2017-06-16 00:00:00",61911,61626,-0.48,61269,61921
"2017-06-19 00:00:00",61620,62014,0.63,61620,62272
"2017-06-20 00:00:00",62011,60766,-2.01,60766,62011
"2017-06-21 00:00:00",60783,60762,-0.01,60544,61188
"2017-06-22 00:00:00",60762,61272,0.84,60758,61354
"2017-06-23 00:00:00",61272,61087,-0.3,60992,61400
"2017-06-26 00:00:00",61088,62188,1.8,61088,62251
"2017-06-27 00:00:00",62188,61675,-0.82,61580,62424
"2017-06-28 00:00:00",61684,62018,0.56,61433,62057
"2017-06-29 00:00:00",62010,62239,0.36,61689,62499
"2017-06-30 00:00:00",62238,62900,1.06,62238,63038
"2017-07-03 00:00:00",62901,63280,0.6,62901,63338
"2017-07-04 00:00:00",63268,63232,-0.08,63076,63346
"2017-07-05 00:00:00",63215,63154,-0.12,62708,63485
"2017-07-06 00:00:00",63156,62470,-1.08,62354,63188
"2017-07-07 00:00:00",62474,62322,-0.24,62035,62926
"2017-07-10 00:00:00",62322,63025,1.13,62322,63135
"2017-07-11 00:00:00",63027,63832,1.28,62908,63891
"2017-07-12 00:00:00",63840,64836,1.57,63827,64938
"2017-07-13 00:00:00",64854,65178,0.53,64854,65302
"2017-07-14 00:00:00",65178,65436,0.4,65178,65624
"2017-07-17 00:00:00",65431,65212,-0.34,65119,65478
"2017-07-18 00:00:00",65208,65338,0.19,64943,65338
"2017-07-19 00:00:00",65337,65180,-0.24,64874,65604
"2017-07-20 00:00:00",65178,64938,-0.37,64898,65505
"2017-07-21 00:00:00",64936,64684,-0.39,64599,65150
"2017-07-24 00:00:00",64695,65100,0.64,64678,65104
"2017-07-25 00:00:00",65101,65668,0.87,65101,65749
"2017-07-26 00:00:00",65668,65011,-1,64992,65873
"2017-07-27 00:00:00",65013,65277,0.41,65013,65678
"2017-07-28 00:00:00",65253,65497,0.34,64953,65497
"2017-07-31 00:00:00",65503,65920,0.65,65503,66048
"2017-08-01 00:00:00",65925,66516,0.9,65925,66606
"2017-08-02 00:00:00",66504,67136,0.93,66305,67277
"2017-08-03 00:00:00",67136,66777,-0.53,66705,67256
"2017-08-04 00:00:00",66783,66898,0.18,66525,67104
"2017-08-07 00:00:00",66898,67940,1.56,66887,68043
"2017-08-08 00:00:00",67936,67899,-0.06,67671,68500
"2017-08-09 00:00:00",67894,67671,-0.34,67290,67894
"2017-08-10 00:00:00",67671,66992,-1,66650,67671
"2017-08-11 00:00:00",66992,67359,0.55,66678,67623
"2017-08-14 00:00:00",67364,68285,1.37,67226,68642
"2017-08-15 00:00:00",68296,68355,0.1,68293,68846
"2017-08-16 00:00:00",68356,68594,0.35,68304,68950
"2017-08-17 00:00:00",68596,67977,-0.9,67866,68596
"2017-08-18 00:00:00",67990,68715,1.09,67979,68808
"2017-08-21 00:00:00",68713,68635,-0.12,68514,69068
"2017-08-22 00:00:00",68645,70015,2.01,68645,70278
"2017-08-23 00:00:00",70011,70478,0.66,69947,70587
"2017-08-24 00:00:00",70482,71133,0.93,70482,71238
"2017-08-25 00:00:00",71138,71074,-0.08,70801,71506
"2017-08-28 00:00:00",71074,71017,-0.08,70909,71390
"2017-08-29 00:00:00",71005,71330,0.44,70517,71330
"2017-08-30 00:00:00",71328,70886,-0.62,70755,71454
"2017-08-31 00:00:00",70887,70835,-0.07,70516,71234
"2017-09-01 00:00:00",70848,71923,1.54,70846,72217
"2017-09-04 00:00:00",71921,72129,0.29,71671,72141
"2017-09-05 00:00:00",72134,72151,0.03,71827,73180
"2017-09-06 00:00:00",72157,73412,1.75,72157,73608
"2017-09-08 00:00:00",73413,73079,-0.45,72925,73646
"2017-09-11 00:00:00",73096,74319,1.7,73096,74636
"2017-09-12 00:00:00",74322,74539,0.3,74294,75332
"2017-09-13 00:00:00",74543,74788,0.33,74196,75146
"2017-09-14 00:00:00",74787,74657,-0.18,74397,74949
"2017-09-15 00:00:00",74656,75757,1.47,74648,75820
"2017-09-18 00:00:00",75758,75990,0.31,75621,76404
"2017-09-19 00:00:00",75990,75974,-0.02,75300,76071
"2017-09-20 00:00:00",75974,76004,0.04,75074,76420
"2017-09-21 00:00:00",76014,75604,-0.53,75282,76251
"2017-09-22 00:00:00",75618,75390,-0.28,75029,75734
"2017-09-25 00:00:00",75381,74443,-1.26,74303,75470
"2017-09-26 00:00:00",74443,74319,-0.17,74319,74971
"2017-09-27 00:00:00",74358,73797,-0.7,73125,74744
"2017-09-28 00:00:00",73808,73567,-0.31,73277,74011
"2017-09-29 00:00:00",73571,74294,0.99,73571,74518
"2017-10-02 00:00:00",74295,74360,0.09,73845,74506
"2017-10-03 00:00:00",74363,76763,3.23,74363,76763
"2017-10-04 00:00:00",76763,76591,-0.22,76422,77004
"2017-10-05 00:00:00",76592,76618,0.03,76592,78024
"2017-10-06 00:00:00",76618,76055,-0.73,75603,76618
"2017-10-09 00:00:00",76055,75727,-0.43,75181,76067
"2017-10-10 00:00:00",75745,76897,1.55,75745,76996
"2017-10-11 00:00:00",76910,76660,-0.31,76323,76985
"2017-10-13 00:00:00",76659,76990,0.43,76659,77319
"2017-10-16 00:00:00",76985,77007,0.02,76565,77382
"2017-10-17 00:00:00",76892,76201,-1.05,76046,76892
"2017-10-18 00:00:00",7659109,76591,0.51,76012,76730
"2017-10-19 00:00:00",76591,76283,-0.4,75366,76591
"2017-10-20 00:00:00",76291,76391,0.14,76291,76971
"2017-10-23 00:00:00",76398,75413,-1.28,75315,76498
"2017-10-24 00:00:00",75426,76350,1.24,75426,76420
"2017-10-25 00:00:00",76350,76671,0.42,75404,76883
"2017-10-26 00:00:00",76671,75896,-1.01,75813,77061
"2017-10-27 00:00:00",75898,75976,0.1,75601,76617
"2017-10-30 00:00:00",75973,74800,-1.55,74305,75973
"2017-10-31 00:00:00",74798,74308,-0.66,74145,75142
"2017-11-01 00:00:00",74310,73824,-0.65,73823,75199
"2017-11-03 00:00:00",73834,73915,0.12,73094,74254
"2017-11-06 00:00:00",73911,74311,0.53,73830,74445
"2017-11-07 00:00:00",74306,72415,-2.55,72386,74306
"2017-11-08 00:00:00",72468,74363,2.69,72468,74481
"2017-11-09 00:00:00",74363,72931,-1.93,72795,74363
"2017-11-10 00:00:00",72932,72166,-1.05,71920,73019
"2017-11-13 00:00:00",72167,72475,0.43,71776,72735
"2017-11-14 00:00:00",72442,70827,-2.27,70825,72838
"2017-11-16 00:00:00",70827,72512,2.38,70827,72896
"2017-11-17 00:00:00",72512,73437,1.28,72390,73632
"2017-11-21 00:00:00",73439,74595,1.58,73439,75073
"2017-11-22 00:00:00",74611,74519,-0.1,74242,75019
"2017-11-23 00:00:00",74519,74487,-0.04,73851,74578
"2017-11-24 00:00:00",74503,74157,-0.44,74093,74542
"2017-11-27 00:00:00",74157,74059,-0.13,73159,74157
"2017-11-28 00:00:00",74060,74140,0.11,74056,74989
"2017-11-29 00:00:00",74146,72700,-1.94,72700,74515
"2017-11-30 00:00:00",72700,71733,-1.33,71215,72700
"2017-12-01 00:00:00",71955,72264,0.74,71488,72472
"2017-12-04 00:00:00",72266,73090,1.14,72266,73749
"2017-12-05 00:00:00",73090,72546,-0.74,72319,74166
"2017-12-06 00:00:00",72535,73268,1,71906,73418
"2017-12-07 00:00:00",73268,72487,-1.07,71356,73268
"2017-12-08 00:00:00",72489,72732,0.34,72489,73425
"2017-12-11 00:00:00",72775,72800,0.09,72498,73361
"2017-12-12 00:00:00",72800,73814,1.39,71798,73814
"2017-12-13 00:00:00",73827,72914,-1.22,72569,74622
"2017-12-14 00:00:00",72913,72429,-0.67,71969,72913
"2017-12-15 00:00:00",72428,72608,0.25,72277,73069
"2017-12-18 00:00:00",72621,73115,0.7,72621,73519
"2017-12-19 00:00:00",73122,72680,-0.6,72347,73139
"2017-12-20 00:00:00",72680,73367,0.94,72680,73492
"2017-12-21 00:00:00",73367,75133,2.41,73265,75133
"2017-12-22 00:00:00",75128,75187,0.07,74623,75227
"2017-12-26 00:00:00",75187,75708,0.69,74924,75837
"2017-12-27 00:00:00",75708,76073,0.48,75708,76293
"2017-12-28 00:00:00",76077,76402,0.43,76077,76437
"2018-01-02 00:00:00",76403,77891,1.95,76403,77909
"2018-01-03 00:00:00",77889,77995,0.13,77602,78414
"2018-01-05 00:00:00",78644,79071,0.54,78218,79071
"2018-01-08 00:00:00",79070,79379,0.39,78631,79395
"2018-01-09 00:00:00",79379,78864,-0.65,78699,79415
"2018-01-10 00:00:00",78864,78201,-0.84,78164,78864
"2018-01-11 00:00:00",78201,79365,1.49,78201,79365
"2018-01-12 00:00:00",79365,79349,-0.02,78861,79440
"2018-01-15 00:00:00",79349,79752,0.51,79349,79847
"2018-01-16 00:00:00",79751,79832,0.1,79668,80246
"2018-01-17 00:00:00",79832,81189,1.7,79828,81189
"2018-01-19 00:00:00",80965,81220,0.32,80854,81429
"2018-01-22 00:00:00",81220,81675,0.56,80923,81675
"2018-01-23 00:00:00",81676,80678,-1.22,80524,81676
"2018-01-24 00:00:00",80679,83680,3.72,80679,83680
"2018-01-26 00:00:00",83680,85531,2.21,83680,85531
"2018-01-29 00:00:00",85531,84698,-0.97,84341,85531
"2018-01-30 00:00:00",84697,84482,-0.25,83804,84697
"2018-01-31 00:00:00",84485,84913,0.51,84484,86213
"2018-02-01 00:00:00",84913,85495,0.69,84833,86028
"2018-02-02 00:00:00",85495,84041,-1.7,83831,85495
"2018-02-05 00:00:00",84040,81861,-2.59,81861,84311
"2018-02-06 00:00:00",81857,83894,2.48,80804,84162
"2018-02-07 00:00:00",83894,82767,-1.34,82548,84410
"2018-02-08 00:00:00",82773,81533,-1.49,81109,83501
"2018-02-09 00:00:00",81532,80899,-0.78,79690,81897
"2018-02-14 00:00:00",80901,83543,3.27,80901,83782
"2018-02-15 00:00:00",83551,84291,0.9,83551,84686
"2018-02-16 00:00:00",84291,84525,0.28,83824,84575
"2018-02-19 00:00:00",84525,84793,0.32,84525,84956
"2018-02-20 00:00:00",84792,85804,1.19,84261,86290
"2018-02-21 00:00:00",85804,86052,0.29,85804,87358
"2018-02-22 00:00:00",86050,86686,0.74,86050,87159
"2018-02-23 00:00:00",86690,87293,0.7,86138,87345
"2018-02-26 00:00:00",87296,87653,0.41,87242,88318
"2018-02-27 00:00:00",87649,86935,-0.82,86613,87839
"2018-02-28 00:00:00",86939,85354,-1.82,85199,87109
"2018-03-01 00:00:00",85337,85378,0.03,84640,86260
"2018-03-02 00:00:00",85378,85761,0.45,83897,85761
"2018-03-05 00:00:00",85761,86023,0.3,85053,86165
"2018-03-06 00:00:00",86023,85653,-0.43,85653,86931
"2018-03-07 00:00:00",85653,85484,-0.2,84397,85653
"2018-03-08 00:00:00",85510,84985,-0.58,84491,85830
"2018-03-09 00:00:00",84987,86371,1.63,84749,86389
"2018-03-12 00:00:00",86386,86900,0.61,86386,87046
"2018-03-13 00:00:00",86902,86384,-0.59,86119,87333
"2018-03-14 00:00:00",86383,86051,-0.39,85691,86970
"2018-03-15 00:00:00",86051,84928,-1.3,84720,86051
"2018-03-16 00:00:00",84928,84886,-0.05,84525,85495
"2018-03-19 00:00:00",84886,83913,-1.15,83678,84886
"2018-03-20 00:00:00",83919,84164,0.3,83682,84412
"2018-03-21 00:00:00",84166,84977,0.97,84080,85145
"2018-03-22 00:00:00",84984,84768,-0.25,84197,85499
"2018-03-23 00:00:00",84766,84377,-0.46,84042,85450
"2018-03-26 00:00:00",84377,85088,0.84,84357,85553
"2018-03-27 00:00:00",85103,83808,-1.5,83542,85296
"2018-03-28 00:00:00",83806,83868,0.07,82889,83889
"2018-03-29 00:00:00",83874,85366,1.79,83874,85708
"2018-04-02 00:00:00",85365,84666,-0.82,84166,85675
"2018-04-03 00:00:00",84669,84623,-0.05,84210,85411
"2018-04-04 00:00:00",84610,84360,-0.31,82826,84610
"2018-04-05 00:00:00",84374,85210,1.01,84374,86148
"2018-04-06 00:00:00",85210,84820,-0.46,83833,85210
"2018-04-09 00:00:00",84832,83307,-1.78,83155,85110
"2018-04-10 00:00:00",83312,84510,1.44,83312,84538
"2018-04-11 00:00:00",84494,85246,0.87,84340,85417
"2018-04-12 00:00:00",85246,85444,0.23,85025,85577
"2018-04-13 00:00:00",85441,84334,-1.3,84144,85441
"2018-04-16 00:00:00",84328,82862,-1.75,82762,84591
"2018-04-17 00:00:00",82862,84086,1.48,82810,84191
"2018-04-18 00:00:00",84090,85776,2.01,84090,86149
"2018-04-19 00:00:00",85775,85824,0.06,85197,86059
"2018-04-20 00:00:00",85823,85550,-0.32,85025,85823
"2018-04-23 00:00:00",85520,85603,0.06,84711,85746
"2018-04-24 00:00:00",85603,85469,-0.16,85106,86578
"2018-04-25 00:00:00",85466,85044,-0.5,84349,85466
"2018-04-26 00:00:00",85051,86383,1.57,85051,86383
"2018-04-27 00:00:00",86383,86445,0.07,86262,87179
"2018-04-30 00:00:00",86443,86116,-0.38,85979,86739
"2018-05-02 00:00:00",86111,84547,-1.82,84383,86111
"2018-05-03 00:00:00",84547,83288,-1.49,83178,84562
"2018-05-04 00:00:00",83286,83118,-0.2,82746,83671
"2018-05-07 00:00:00",83122,82714,-0.49,82602,83643
"2018-05-08 00:00:00",82715,82956,0.29,82201,83409
"2018-05-09 00:00:00",82977,84265,1.58,82855,84447
"2018-05-10 00:00:00",84284,85861,1.89,84284,86201
"2018-05-11 00:00:00",85861,85220,-0.75,85183,86406
"2018-05-14 00:00:00",85222,85232,0.01,84688,86105
"2018-05-15 00:00:00",85225,85130,-0.12,83830,85231
"2018-05-16 00:00:00",85122,86537,1.65,85044,86678
"2018-05-17 00:00:00",86537,83622,-3.37,83377,86537
"2018-05-18 00:00:00",83614,83082,-0.65,81391,83614
"2018-05-21 00:00:00",83095,81815,-1.52,81576,83883
"2018-05-22 00:00:00",81817,82739,1.13,81613,83396
"2018-05-23 00:00:00",82742,80867,-2.26,80867,82742
"2018-05-24 00:00:00",80860,80122,-0.92,79027,80860
"2018-05-25 00:00:00",80123,78898,-1.53,78622,80629
"2018-05-28 00:00:00",78886,75356,-4.49,75337,78886
"2018-05-29 00:00:00",75361,76072,0.95,75361,77214
"2018-05-30 00:00:00",76058,76754,0.9,75515,77097
"2018-06-01 00:00:00",76779,77240,0.63,75524,78169
"2018-06-04 00:00:00",77244,78596,1.76,77244,78637
"2018-06-05 00:00:00",78595,76642,-2.49,76412,78892
"2018-06-06 00:00:00",76641,76117,-0.68,75518,76967
"2018-06-07 00:00:00",76117,73851,-2.98,71162,76117
"2018-06-08 00:00:00",73848,72942,-1.23,71679,74031
"2018-06-11 00:00:00",72943,72308,-0.87,71843,73716
"2018-06-12 00:00:00",72308,72754,0.62,72124,73322
"2018-06-13 00:00:00",72757,72122,-0.87,71035,72977
"2018-06-14 00:00:00",72151,71421,-0.97,71344,72708
"2018-06-15 00:00:00",71421,70757,-0.93,69583,71421
"2018-06-18 00:00:00",70757,69815,-1.33,69360,70757
"2018-06-19 00:00:00",69811,71394,2.26,69069,72010
"2018-06-20 00:00:00",71397,72123,1.02,71155,72617
"2018-06-21 00:00:00",72117,70075,-2.84,70019,72207
"2018-06-22 00:00:00",70077,70641,0.81,69907,71058
"2018-06-25 00:00:00",70642,70953,0.44,69779,71323
"2018-06-26 00:00:00",70968,71405,0.64,70203,71622
"2018-06-27 00:00:00",71405,70609,-1.11,70134,72032
"2018-06-28 00:00:00",70609,71767,1.64,70439,72092
"2018-06-29 00:00:00",71779,72763,1.39,71779,73020
"2018-07-02 00:00:00",72763,72840,0.11,71935,72840
"2018-07-03 00:00:00",72848,73668,1.14,72848,74515
"2018-07-04 00:00:00",73667,74744,1.46,73450,74904
"2018-07-05 00:00:00",74751,74553,-0.26,73756,75127
"2018-07-06 00:00:00",74558,75010,0.61,74048,75065
"2018-07-10 00:00:00",75015,74847,-0.22,74431,75895
"2018-07-11 00:00:00",74862,74399,-0.6,74196,75025
"2018-07-12 00:00:00",74403,75857,1.96,74403,75898
"2018-07-13 00:00:00",75856,76594,0.97,75554,76682
"2018-07-16 00:00:00",76587,76653,0.08,76129,76924
"2018-07-17 00:00:00",76653,78130,1.93,76482,78522
"2018-07-18 00:00:00",78124,77363,-0.98,77164,78496
"2018-07-19 00:00:00",77360,77487,0.16,75890,77487
"2018-07-20 00:00:00",77500,78571,1.4,77500,79489
"2018-07-23 00:00:00",78571,77996,-0.73,77871,78639
"2018-07-24 00:00:00",78005,79155,1.49,78005,79497
"2018-07-25 00:00:00",79154,80218,1.34,79154,80437
"2018-07-26 00:00:00",80242,79405,-1.01,79081,80589
"2018-07-27 00:00:00",79405,79866,0.58,79405,80251
"2018-07-30 00:00:00",79866,80275,0.51,79699,80492
"2018-07-31 00:00:00",80279,79220,-1.31,79016,80279
"2018-08-01 00:00:00",79213,79302,0.1,78769,79731
"2018-08-02 00:00:00",79237,79637,0.42,78573,79896
"2018-08-03 00:00:00",79656,81435,2.26,79656,81792
"2018-08-06 00:00:00",81445,81051,-0.47,80965,81765
"2018-08-07 00:00:00",81093,80347,-0.87,79923,81742
"2018-08-08 00:00:00",80347,79146,-1.49,78966,80912
"2018-08-09 00:00:00",79171,78768,-0.48,78156,79461
"2018-08-10 00:00:00",78766,76514,-2.86,76043,78766
"2018-08-13 00:00:00",76513,77496,1.28,75931,77689
"2018-08-14 00:00:00",77499,78602,1.43,77499,78742
"2018-08-15 00:00:00",78614,77078,-1.94,76829,78618
"2018-08-16 00:00:00",77085,76819,-0.34,76381,77704
"2018-08-17 00:00:00",76817,76029,-1.03,75633,76817
"2018-08-20 00:00:00",76029,76328,0.39,75608,76497
"2018-08-21 00:00:00",76327,75180,-1.5,74915,76340
"2018-08-22 00:00:00",75171,76902,2.29,74876,76904
"2018-08-23 00:00:00",76898,75634,-1.65,75466,77232
"2018-08-24 00:00:00",75647,76262,0.83,75647,76629
"2018-08-27 00:00:00",76264,77930,2.19,76264,78008
"2018-08-28 00:00:00",77928,77473,-0.59,77149,78038
"2018-08-29 00:00:00",77472,78389,1.18,77399,78783
"2018-08-30 00:00:00",78389,76404,-2.53,76372,78389
"2018-08-31 00:00:00",76386,76678,0.36,76026,77202
"2018-09-03 00:00:00",76675,76193,-0.63,75729,76675
"2018-09-04 00:00:00",76192,74712,-1.94,74605,76192
"2018-09-05 00:00:00",74712,75092,0.51,74276,75370
"2018-09-06 00:00:00",75098,76416,1.76,74986,76533
"2018-09-10 00:00:00",76416,76436,0.03,76115,77293
"2018-09-11 00:00:00",76437,74657,-2.33,74275,76437
"2018-09-12 00:00:00",74680,75125,0.63,74499,75680
"2018-09-13 00:00:00",75126,74687,-0.58,74501,75407
"2018-09-14 00:00:00",74687,75429,0.99,74445,75705
"2018-09-17 00:00:00",75428,76789,1.8,75227,76893
"2018-09-18 00:00:00",76781,78314,1.99,76677,78454
"2018-09-19 00:00:00",78268,78169,-0.19,77624,79021
"2018-09-20 00:00:00",78169,78116,-0.07,77820,78944
"2018-09-21 00:00:00",78116,79379,1.62,78116,80002
"2018-09-24 00:00:00",79447,77984,-1.76,77857,79447
"2018-09-25 00:00:00",77980,78630,0.83,77005,78688
"2018-09-26 00:00:00",78634,78656,0.03,78530,79461
"2018-09-27 00:00:00",78676,80000,1.71,78676,80107
"2018-09-28 00:00:00",80000,79342,-0.82,78967,80000
"2018-10-01 00:00:00",79350,78624,-0.91,78091,79557
"2018-10-02 00:00:00",78625,81594,3.78,78625,81778
"2018-10-03 00:00:00",81624,83273,2.06,81623,85442
"2018-10-04 00:00:00",83275,82953,-0.39,81892,83430
"2018-10-05 00:00:00",82972,82322,-0.76,82030,83805
"2018-10-08 00:00:00",82324,86292,4.82,82324,87333
"2018-10-09 00:00:00",86053,86088,-0.24,85433,86573
"2018-10-10 00:00:00",86084,83679,-2.8,83679,86085
"2018-10-11 00:00:00",83700,82921,-0.91,82607,84749
"2018-10-15 00:00:00",82922,83360,0.53,82922,84278
"2018-10-16 00:00:00",83420,85718,2.83,83420,85718
"2018-10-17 00:00:00",85714,85764,0.05,84944,86167
"2018-10-18 00:00:00",85760,83847,-2.24,83846,85760
"2018-10-19 00:00:00",83845,84220,0.44,83667,84954
"2018-10-22 00:00:00",84222,85597,1.64,84222,85772
"2018-10-23 00:00:00",85595,85300,-0.35,84032,85595
"2018-10-24 00:00:00",85302,83064,-2.62,83035,85786
"2018-10-25 00:00:00",83124,84084,1.23,83124,84831
"2018-10-26 00:00:00",84084,85720,1.95,83497,85720
"2018-10-29 00:00:00",85728,83797,-2.24,82783,88377
"2018-10-30 00:00:00",83802,86886,3.69,83802,86990
"2018-10-31 00:00:00",86889,87421,0.62,86213,88028
"2018-11-01 00:00:00",87428,88419,1.14,87094,89017
"2018-11-05 00:00:00",88418,89598,1.33,88347,89598
"2018-11-06 00:00:00",89587,88669,-1.04,88066,89587
"2018-11-07 00:00:00",88676,87718,-1.07,87541,89565
"2018-11-08 00:00:00",87719,85620,-2.39,85620,88570
"2018-11-09 00:00:00",85620,85641,0.02,84030,86233
"2018-11-12 00:00:00",85644,85525,-0.14,85009,86227
"2018-11-13 00:00:00",85531,84914,-0.71,84071,85941
"2018-11-14 00:00:00",84898,85973,1.25,84267,85973
"2018-11-16 00:00:00",85975,88515,2.96,85975,88516
"2018-11-19 00:00:00",88472,87901,-0.69,87047,88484
"2018-11-21 00:00:00",87896,87269,-0.72,86254,87896
"2018-11-22 00:00:00",87269,87477,0.24,87222,87656
"2018-11-23 00:00:00",87479,86230,-1.43,85763,87479
"2018-11-26 00:00:00",86237,85547,-0.79,84905,87147
"2018-11-27 00:00:00",85547,87891,2.74,85377,88018
"2018-11-28 00:00:00",87891,89251,1.55,87153,89483
"2018-11-29 00:00:00",89249,89710,0.51,88475,89910
"2018-11-30 00:00:00",89709,89552,-0.18,89258,90246
"2018-12-03 00:00:00",89511,89820,0.3,89429,91242
"2018-12-04 00:00:00",89820,88624,-1.33,88041,90452
"2018-12-05 00:00:00",88644,89040,0.47,88449,89111
"2018-12-06 00:00:00",88933,88846,-0.22,87025,88933
"2018-12-07 00:00:00",88849,88122,-0.82,87907,89986
"2018-12-10 00:00:00",88115,85915,-2.5,85915,88384
"2018-12-11 00:00:00",85918,86420,0.59,85583,87520
"2018-12-12 00:00:00",86420,86977,0.65,86420,87946
"2018-12-13 00:00:00",86979,87838,0.99,86856,87842
"2018-12-14 00:00:00",87838,87450,-0.44,87106,88184
"2018-12-17 00:00:00",87448,86400,-1.2,86328,87820
"2018-12-18 00:00:00",86400,86610,0.24,86400,87274
"2018-12-19 00:00:00",86617,85674,-1.08,85674,88101
"2018-12-20 00:00:00",85678,85269,-0.47,84756,86584
"2018-12-21 00:00:00",85269,85697,0.5,85134,86554
"2018-12-26 00:00:00",85684,85136,-0.65,83892,85684
"2018-12-27 00:00:00",85141,85460,0.38,84876,85739
"2018-12-28 00:00:00",85469,87887,2.84,85469,88044
"2019-01-02 00:00:00",87887,91012,3.56,87536,91479
"2019-01-03 00:00:00",91011,91546,0.59,89922,91596
"2019-01-04 00:00:00",91577,91841,0.32,90824,92701
"2019-01-07 00:00:00",91845,91699,-0.15,91288,92552
"2019-01-08 00:00:00",91699,92032,0.36,91064,92231
"2019-01-09 00:00:00",92033,93613,1.72,92028,93626
"2019-01-10 00:00:00",93599,93802,0.2,93050,93987
"2019-01-11 00:00:00",93806,93658,-0.15,93359,93961
"2019-01-14 00:00:00",93645,94474,0.87,93335,94474
"2019-01-15 00:00:00",94474,94056,-0.44,93402,94695
"2019-01-16 00:00:00",94057,94393,0.36,93687,94393
"2019-01-17 00:00:00",94393,95351,1.01,93950,95682
"2019-01-18 00:00:00",95386,96097,0.78,95386,96396
"2019-01-21 00:00:00",96093,96010,-0.09,94863,96093
"2019-01-22 00:00:00",96008,95103,-0.94,94662,96070
"2019-01-23 00:00:00",95116,96558,1.53,95116,96576
"2019-01-24 00:00:00",96558,97677,1.16,96558,97677
"2019-01-28 00:00:00",97674,95444,-2.29,94783,97937
"2019-01-29 00:00:00",95508,95639,0.2,95508,96751
"2019-01-30 00:00:00",95643,96996,1.42,95643,97107
"2019-01-31 00:00:00",96996,97394,0.41,96996,98405
"2019-02-01 00:00:00",97395,97861,0.48,96990,98044
"2019-02-04 00:00:00",97861,98589,0.74,96901,98589
"2019-02-05 00:00:00",98587,98311,-0.28,97596,98587
"2019-02-06 00:00:00",98308,94636,-3.74,94636,98308
"2019-02-07 00:00:00",94654,94114,-0.55,93507,95642
"2019-02-08 00:00:00",94401,95343,1.31,93424,95486
"2019-02-11 00:00:00",95351,94413,-0.98,93737,95499
"2019-02-12 00:00:00",94420,96168,1.86,94420,96571
"2019-02-13 00:00:00",96169,96122,-0.05,95389,96804
"2019-02-14 00:00:00",95843,98015,1.97,94915,98019
"2019-02-15 00:00:00",98015,97526,-0.5,97083,98238
"2019-02-18 00:00:00",97527,96510,-1.04,96239,97527
"2019-02-19 00:00:00",96513,97659,1.19,96513,98185
"2019-02-20 00:00:00",97661,96545,-1.14,96545,98544
"2019-02-21 00:00:00",96546,96932,0.4,95793,97231
"2019-02-22 00:00:00",96929,97886,0.98,96929,97887
"2019-02-25 00:00:00",97881,97240,-0.66,97087,98190
"2019-02-26 00:00:00",97242,97603,0.37,97235,97904
"2019-02-27 00:00:00",97603,97307,-0.3,96886,97782
"2019-02-28 00:00:00",97307,95584,-1.77,95364,97528
"2019-03-01 00:00:00",95584,94604,-1.03,94394,96113
"2019-03-06 00:00:00",94604,94217,-0.41,93945,94889
"2019-03-07 00:00:00",94216,94340,0.13,93729,94532
"2019-03-08 00:00:00",94340,95365,1.09,93305,95476
"2019-03-11 00:00:00",95384,98027,2.79,95384,98027
"2019-03-12 00:00:00",98038,97828,-0.2,97267,98150
"2019-03-13 00:00:00",97831,98904,1.1,97464,99267
"2019-03-14 00:00:00",98905,98605,-0.3,97776,99036
"2019-03-15 00:00:00",98605,99137,0.54,98597,99393
"2019-03-18 00:00:00",99141,99994,0.86,99141,100038
"2019-03-19 00:00:00",99991,99588,-0.41,99373,100439
"2019-03-20 00:00:00",99588,98041,-1.55,98383,99708
"2019-03-21 00:00:00",98041,96729,-1.34,95456,98046
"2019-03-22 00:00:00",96725,93735,-3.1,93380,96725
"2019-03-25 00:00:00",93735,93662,-0.08,93103,94384
"2019-03-26 00:00:00",93668,95307,1.76,93668,95525
"2019-03-27 00:00:00",95297,91903,-3.57,91903,95297
"2019-03-28 00:00:00",91901,94389,2.7,91584,94854
"2019-03-29 00:00:00",94402,95416,1.09,94402,95863
"2019-04-01 00:00:00",95423,96054,0.67,95423,96752
"2019-04-02 00:00:00",96062,95387,-0.69,94825,96690
"2019-04-03 00:00:00",95392,94491,-0.94,94124,96442
"2019-04-04 00:00:00",94503,96313,1.93,94334,96394
"2019-04-05 00:00:00",96319,97108,0.83,96152,97493
"2019-04-08 00:00:00",97110,97369,0.27,96743,97610
"2019-04-09 00:00:00",97366,96292,-1.11,95488,97366
"2019-04-10 00:00:00",96292,95953,-0.35,95670,96902
"2019-04-11 00:00:00",95954,94817,-1.18,94173,95954
"2019-04-12 00:00:00",94747,92875,-2.05,92516,94768
"2019-04-15 00:00:00",92875,93082,0.22,92697,93723
"2019-04-16 00:00:00",93082,94333,1.34,92879,95062
"2019-04-17 00:00:00",94337,93285,-1.11,92338,95042
"2019-04-18 00:00:00",93285,94578,1.39,93285,95140
"2019-04-22 00:00:00",94578,94588,0.01,93721,95038
"2019-04-23 00:00:00",94590,95923,1.41,94590,96315
"2019-04-24 00:00:00",95923,95045,-0.92,94163,95923
"2019-04-25 00:00:00",95027,96386,1.41,94213,96429
"2019-04-26 00:00:00",96552,96236,-0.16,95620,96563
"2019-04-29 00:00:00",96254,96188,-0.05,96004,97123
"2019-04-30 00:00:00",96191,96353,0.17,95613,96707
"2019-05-02 00:00:00",96339,95528,-0.86,95312,96339
"2019-05-03 00:00:00",95521,96008,0.5,95521,96315
"2019-05-06 00:00:00",95992,95009,-1.04,94540,95992
"2019-05-07 00:00:00",95009,94024,-1.04,92750,95009
"2019-05-08 00:00:00",94389,95597,1.67,94389,96312
"2019-05-09 00:00:00",95597,94808,-0.83,93883,95597
"2019-05-10 00:00:00",94809,94258,-0.58,93234,94848
"2019-05-13 00:00:00",94252,91727,-2.69,91600,94252
"2019-05-14 00:00:00",91736,92092,0.4,91562,92529
"2019-05-15 00:00:00",92088,91623,-0.51,90295,92088
"2019-05-16 00:00:00",91622,90024,-1.75,89778,91622
"2019-05-17 00:00:00",90023,89993,-0.04,89409,91321
"2019-05-20 00:00:00",90006,91946,2.17,89822,92117
"2019-05-21 00:00:00",91946,94485,2.76,91946,94573
"2019-05-22 00:00:00",94485,94361,-0.13,93883,95212
"2019-05-23 00:00:00",94360,93910,-0.48,93300,94547
"2019-05-24 00:00:00",93912,93628,-0.3,93545,94900
"2019-05-27 00:00:00",93626,94864,1.32,93626,95444
"2019-05-28 00:00:00",94863,96393,1.61,94707,96552
"2019-05-29 00:00:00",96389,96567,0.18,95690,96986
"2019-05-30 00:00:00",96566,97457,0.92,96511,97939
"2019-05-31 00:00:00",97420,97030,-0.44,96792,97992
"2019-06-03 00:00:00",97036,97020,-0.01,96430,97757
"2019-06-04 00:00:00",97020,97380,0.37,96593,97723
"2019-06-05 00:00:00",97381,95999,-1.42,95686,97686
"2019-06-06 00:00:00",96002,97205,1.26,96002,97462
"2019-06-07 00:00:00",97205,97821,0.63,97205,98326
"2019-06-10 00:00:00",97828,97734,-0.09,96782,97856
"2019-06-11 00:00:00",97467,98960,1.25,97467,98985
"2019-06-12 00:00:00",98960,98321,-0.65,97831,99240
"2019-06-13 00:00:00",98321,98774,0.46,98321,99364
"2019-06-14 00:00:00",98776,98040,-0.74,97601,98981
"2019-06-17 00:00:00",98038,97623,-0.43,97623,98439
"2019-06-18 00:00:00",97633,99404,1.82,97633,99412
"2019-06-19 00:00:00",99403,100303,0.9,98978,100326
"2019-06-21 00:00:00",100305,102013,1.7,100305,102100
"2019-06-24 00:00:00",102018,102062,0.05,101589,102617
"2019-06-25 00:00:00",102061,100092,-1.93,99890,102061
"2019-06-26 00:00:00",100095,100689,0.6,100095,101126
"2019-06-27 00:00:00",100689,100724,0.04,99421,101025
"2019-06-28 00:00:00",100726,100967,0.24,100726,101563
"2019-07-01 00:00:00",100973,101340,0.37,100973,102432
"2019-07-02 00:00:00",101342,100605,-0.72,100073,101565
"2019-07-03 00:00:00",100576,102043,1.43,100451,102177
"2019-07-04 00:00:00",102047,103636,1.56,102047,104022
"2019-07-05 00:00:00",103628,104089,0.44,102622,104176
"2019-07-08 00:00:00",104090,104530,0.42,103988,104679
"2019-07-10 00:00:00",104537,105817,1.23,104537,106294
"2019-07-11 00:00:00",105818,105135,-0.64,104814,105886
"2019-07-12 00:00:00",105158,103903,-1.17,103903,105731
"2019-07-15 00:00:00",103909,103803,-0.1,103495,104578
"2019-07-16 00:00:00",103805,103775,-0.03,103361,104440
"2019-07-17 00:00:00",103775,103856,0.08,103712,104453
"2019-07-18 00:00:00",103859,104717,0.83,103859,104773
"2019-07-19 00:00:00",104716,103452,-1.21,103388,104723
"2019-07-22 00:00:00",103452,103949,0.48,103452,104278
"2019-07-23 00:00:00",103949,103704,-0.24,103518,104430
"2019-07-24 00:00:00",103707,104120,0.4,103707,104570
"2019-07-25 00:00:00",104119,102655,-1.41,102390,104440
"2019-07-26 00:00:00",102654,102819,0.16,102196,103209
"2019-07-29 00:00:00",102817,103483,0.65,102461,103483
"2019-07-30 00:00:00",103483,102933,-0.53,102596,103555
"2019-07-31 00:00:00",102946,101812,-1.09,100950,103129
"2019-08-01 00:00:00",101819,102126,0.31,101819,104056
"2019-08-02 00:00:00",102122,102674,0.54,101667,103180
"2019-08-05 00:00:00",102658,100098,-2.51,99630,102658
"2019-08-06 00:00:00",100098,102163,2.06,100098,102178
"2019-08-07 00:00:00",102163,102782,0.61,100476,102784
"2019-08-08 00:00:00",102782,104107,1.29,102782,104282
"2019-08-09 00:00:00",104102,103910,-0.19,103547,104848
"2019-08-12 00:00:00",103946,101915,-1.92,101621,103946
"2019-08-13 00:00:00",101912,103462,1.52,101414,103778
"2019-08-14 00:00:00",103270,100258,-3.1,99955,103270
"2019-08-15 00:00:00",100262,99057,-1.2,98200,101014
"2019-08-16 00:00:00",99059,99806,0.76,99059,100567
"2019-08-19 00:00:00",99810,99469,-0.34,98908,100948
"2019-08-20 00:00:00",99472,99222,-0.25,98002,99665
"2019-08-21 00:00:00",99227,101202,2,99221,101240
"2019-08-22 00:00:00",101209,100011,-1.18,100011,101469
"2019-08-23 00:00:00",100007,97667,-2.34,97085,100025
"2019-08-26 00:00:00",97687,96430,-1.27,95961,98436
"2019-08-27 00:00:00",96434,97276,0.88,95855,97951
"2019-08-28 00:00:00",97273,98194,0.94,96557,98346
"2019-08-29 00:00:00",98194,100524,2.37,98194,100684
"2019-08-30 00:00:00",100526,101135,0.61,100526,101551
"2019-09-02 00:00:00",101133,100626,-0.5,100626,101611
"2019-09-03 00:00:00",100626,99681,-0.94,99406,101417
"2019-09-04 00:00:00",99706,100942,1.27,99706,101071
"2019-09-05 00:00:00",101204,102252,1.3,101204,103258
"2019-09-06 00:00:00",102247,102935,0.67,102246,103182
"2019-09-09 00:00:00",102937,103181,0.24,102793,104260
"2019-09-10 00:00:00",103180,103032,-0.14,102231,103503
"2019-09-11 00:00:00",103036,103446,0.4,103036,104156
"2019-09-12 00:00:00",103453,104332,0.86,103453,104618
"2019-09-13 00:00:00",104371,103501,-0.8,103275,104699
"2019-09-16 00:00:00",103496,103259,-0.23,102782,104005
"2019-09-17 00:00:00",103680,104617,0.9,103079,104619
"2019-09-18 00:00:00",104616,104532,-0.08,103684,104762
"2019-09-19 00:00:00",104555,104339,-0.18,104286,106001
"2019-09-20 00:00:00",104339,104817,0.46,103914,105045
"2019-09-23 00:00:00",104817,104638,-0.17,104020,104817
"2019-09-24 00:00:00",104638,103876,-0.73,103504,104893
"2019-09-25 00:00:00",103857,104481,0.58,103034,104481
"2019-09-26 00:00:00",104485,105319,0.8,104337,105342
"2019-09-27 00:00:00",105319,105078,-0.23,104506,105633
"2019-09-30 00:00:00",105077,104745,-0.32,104638,105178
"2019-10-01 00:00:00",104745,104053,-0.66,103837,105121
"2019-10-02 00:00:00",104049,101030,-2.91,100944,104049
"2019-10-03 00:00:00",101031,101516,0.48,99826,101560
"2019-10-04 00:00:00",101516,102551,1.02,101057,102580
"2019-10-07 00:00:00",102546,100573,-1.93,100542,102546
"2019-10-08 00:00:00",100565,99981,-0.59,99868,101296
"2019-10-09 00:00:00",100005,101248,1.27,100005,101567
"2019-10-10 00:00:00",101244,101817,0.56,101152,102483
"2019-10-11 00:00:00",101819,103834,1.98,101819,104381
"2019-10-14 00:00:00",103834,104302,0.45,103438,104305
"2019-10-15 00:00:00",104299,104491,0.18,104052,105048
"2019-10-16 00:00:00",104486,105423,0.89,103521,105462
"2019-10-17 00:00:00",105389,105016,-0.39,104827,105891
"2019-10-18 00:00:00",105012,104729,-0.27,104525,105464
"2019-10-21 00:00:00",104729,106022,1.24,104696,106027
"2019-10-22 00:00:00",106023,107381,1.28,105927,107421
"2019-10-23 00:00:00",107381,107544,0.15,107041,107959
"2019-10-24 00:00:00",107553,106986,-0.52,106593,107744
"2019-10-25 00:00:00",106990,107364,0.35,106990,108083
"2019-10-28 00:00:00",107366,108187,0.77,107362,108393
"2019-10-29 00:00:00",108189,107556,-0.58,107313,108195
"2019-10-30 00:00:00",107557,108408,0.79,106622,108408
"2019-10-31 00:00:00",108403,107220,-1.1,106356,108403
"2019-11-01 00:00:00",107221,108196,0.91,107220,108496
"2019-11-04 00:00:00",108196,108651,0.42,108196,109352
"2019-11-05 00:00:00",108779,108719,0.06,108253,109343
"2019-11-06 00:00:00",108719,108353,-0.34,107446,109633
"2019-11-07 00:00:00",108360,109581,1.13,108360,109672
"2019-11-08 00:00:00",109572,107629,-1.78,107127,109572
"2019-11-11 00:00:00",107622,108367,0.69,106814,108367
"2019-11-12 00:00:00",108368,106751,-1.49,106232,108368
"2019-11-13 00:00:00",106751,106060,-0.65,105261,106786
"2019-11-14 00:00:00",106052,106557,0.47,105820,106758
"2019-11-18 00:00:00",106566,106269,-0.27,106246,107519
"2019-11-19 00:00:00",106269,105864,-0.38,105367,106950
"2019-11-21 00:00:00",105866,107497,1.54,105864,107497
"2019-11-22 00:00:00",107497,108692,1.11,107157,108692
"2019-11-25 00:00:00",108692,108424,-0.25,108080,108915
"2019-11-26 00:00:00",108424,107059,-1.26,106414,108424
"2019-11-27 00:00:00",107059,107708,0.61,106312,107991
"2019-11-28 00:00:00",107708,108290,0.54,107148,108333
"2019-11-29 00:00:00",108290,108233,-0.05,107759,108708
"2019-12-02 00:00:00",108233,108928,0.64,108233,109279
"2019-12-03 00:00:00",108931,108956,0.03,108190,109198
"2019-12-04 00:00:00",108962,110301,1.23,108962,110301
"2019-12-05 00:00:00",110297,110622,0.29,110008,111073
"2019-12-06 00:00:00",110623,111126,0.46,110623,111430
"2019-12-09 00:00:00",111125,110977,-0.13,110870,111453
"2019-12-10 00:00:00",110973,110672,-0.28,110133,111184
"2019-12-11 00:00:00",110672,110964,0.26,110530,111227
"2019-12-12 00:00:00",110963,112143,1.06,110963,112298
"2019-12-13 00:00:00",112205,112565,0.38,111780,112829
"2019-12-16 00:00:00",112565,111896,-0.59,111896,113197
"2019-12-17 00:00:00",111897,112616,0.64,111897,112695
"2019-12-18 00:00:00",112618,114315,1.51,112300,114339
"2019-12-19 00:00:00",114313,115131,0.71,113712,115132
"2019-12-20 00:00:00",115133,115121,-0.01,114526,115171
"2019-12-23 00:00:00",115119,115070,-0.04,114964,115289
"2019-12-26 00:00:00",115864,117203,1.85,115673,117220
"2019-12-27 00:00:00",117205,116534,-0.57,115995,117803
"2019-12-30 00:00:00",116530,115645,-0.76,115599,117086
"2020-01-02 00:00:00",115652,118573,2.53,115649,118573
"2020-01-03 00:00:00",118564,117781,-0.67,117341,118564
"2020-01-06 00:00:00",117707,116592,-1.01,116269,117707
"2020-01-07 00:00:00",116872,116662,0.06,115965,117076
"2020-01-08 00:00:00",116667,116165,-0.43,115974,117335
"2020-01-09 00:00:00",116248,115946,-0.19,115411,116820
"2020-01-10 00:00:00",115948,115503,-0.38,114952,116745
"2020-01-13 00:00:00",115503,117325,1.58,115503,117333
"2020-01-14 00:00:00",117325,117632,0.26,116610,117705
"2020-01-15 00:00:00",117632,116414,-1.04,116188,117632
"2020-01-16 00:00:00",116415,116704,0.25,115961,117106
"2020-01-17 00:00:00",116710,118478,1.52,116710,118479
"2020-01-20 00:00:00",118478,118862,0.32,117928,118862
"2020-01-21 00:00:00",118861,117026,-1.54,117026,118861
"2020-01-22 00:00:00",117035,118391,1.17,117035,118401
"2020-01-23 00:00:00",118391,119528,0.96,116906,119535
"2020-01-24 00:00:00",119528,118376,-0.96,118108,119593
"2020-01-27 00:00:00",118347,114482,-3.29,114376,118347
"2020-01-28 00:00:00",114482,116479,1.74,114475,116797
"2020-01-29 00:00:00",116494,115385,-0.94,115164,117171
"2020-01-30 00:00:00",115375,114646,-0.64,112825,115375
"2020-01-31 00:00:00",115518,113761,-0.77,113148,115518
"2020-02-03 00:00:00",113761,114629,0.76,113467,115299
"2020-02-04 00:00:00",114631,115557,0.81,114631,116556
"2020-02-05 00:00:00",115563,116028,0.41,115562,117701
"2020-02-06 00:00:00",116033,115190,-0.72,114723,117382
"2020-02-07 00:00:00",115190,113770,-1.23,113769,115190
"2020-02-10 00:00:00",113771,112570,-1.05,112134,114176
"2020-02-11 00:00:00",112574,115371,2.49,112574,115576
"2020-02-12 00:00:00",115371,116674,1.13,115371,117581
"2020-02-13 00:00:00",116660,115662,-0.87,114801,116660
"2020-02-14 00:00:00",115663,114381,-1.11,114132,115663
"2020-02-17 00:00:00",114381,115309,0.81,114381,115696
"2020-02-18 00:00:00",115309,114977,-0.29,113532,115309
"2020-02-19 00:00:00",114982,116518,1.34,114774,116545
"2020-02-20 00:00:00",116518,114586,-1.66,114379,116552
"2020-02-21 00:00:00",114585,113681,-0.79,112661,114585
"2020-02-26 00:00:00",113647,105718,-7,105053,113647
"2020-02-27 00:00:00",105711,102984,-2.59,102984,106656
"2020-02-28 00:00:00",102984,104172,1.15,99951,102984
"2020-03-02 00:00:00",104260,106625,2.36,103779,107220
"2020-03-03 00:00:00",106630,105537,-1.02,104405,108804
"2020-03-04 00:00:00",105540,107224,1.6,105042,107809
"2020-03-05 00:00:00",107217,102233,-4.65,100536,107217
"2020-03-06 00:00:00",102231,97997,-4.14,96886,102231
"2020-03-09 00:00:00",97982,86050,-12.19,87955,97982
"2020-03-10 00:00:00",86071,92214,7.16,86071,91771
"2020-03-11 00:00:00",92202,85171,-7.64,80796,92202
"2020-03-12 00:00:00",85103,73281,-13.96,68488,85103
"2020-03-13 00:00:00",72621,82678,12.82,72621,83758
"2020-03-16 00:00:00",82565,71168,-13.92,70855,82565
"2020-03-17 00:00:00",71178,74617,4.85,70783,77255
"2020-03-18 00:00:00",74576,66895,-10.35,63547,74576
"2020-03-19 00:00:00",66883,68332,2.15,61691,70071
"2020-03-20 00:00:00",68344,67069,-1.85,66120,72247
"2020-03-23 00:00:00",67067,63570,-5.22,62161,67604
"2020-03-24 00:00:00",63604,69729,9.69,63604,71535
"2020-03-25 00:00:00",69727,74956,7.5,69360,76714
"2020-03-26 00:00:00",74956,77710,3.67,74923,78846
"2020-03-27 00:00:00",77708,73429,-5.51,73057,77708
"2020-03-30 00:00:00",73431,74639,1.65,73184,75430
"2020-03-31 00:00:00",74629,73020,-2.17,73104,75511
"2020-04-01 00:00:00",73011,70967,-2.81,69569,73011
"2020-04-02 00:00:00",70969,72253,1.81,70957,73861
"2020-04-03 00:00:00",72241,69538,-3.76,67802,72241
"2020-04-06 00:00:00",69556,73657,6.52,69556,75260
"2020-04-07 00:00:00",74078,76358,3.67,74078,79855
"2020-04-08 00:00:00",76335,78903,3.33,76115,78971
"2020-04-09 00:00:00",78640,77682,0.51,78640,80428
"2020-04-13 00:00:00",77682,78836,1.49,76405,78836
"2020-04-14 00:00:00",78848,79918,1.37,78848,81668
"2020-04-15 00:00:00",79911,78831,-1.36,77546,80035
"2020-04-16 00:00:00",78837,77812,-1.29,77452,80167
"2020-04-17 00:00:00",77817,78990,1.51,77754,79846
"2020-04-20 00:00:00",78989,78973,-0.02,76943,80106
"2020-04-22 00:00:00",78973,80687,2.17,78973,81184
"2020-04-23 00:00:00",80690,79673,-1.26,78622,81934
"2020-04-24 00:00:00",79667,75208,-5.6,72041,79667
"2020-04-27 00:00:00",75334,78239,4.03,75327,78563
"2020-04-28 00:00:00",78243,81312,3.93,78243,81427
"2020-04-29 00:00:00",81313,83171,2.29,81313,83598
"2020-04-30 00:00:00",83169,80506,-3.2,80168,83169
"2020-05-04 00:00:00",80501,78876,-2.02,77640,80502
"2020-05-05 00:00:00",78887,79471,0.75,78886,81066
"2020-05-06 00:00:00",79473,79064,-0.51,78056,79996
"2020-05-07 00:00:00",79072,78119,-1.2,78061,80061
"2020-05-08 00:00:00",78152,80263,2.75,78152,80557
"2020-05-11 00:00:00",80263,79065,-1.49,78994,80723
"2020-05-12 00:00:00",79065,77872,-1.51,77872,80344
"2020-05-13 00:00:00",77877,77772,-0.13,77152,78911
"2020-05-14 00:00:00",77770,79011,1.59,75697,78892
"2020-05-15 00:00:00",79011,77557,-1.84,77426,79538
"2020-05-18 00:00:00",77576,81194,4.69,77571,81420
"2020-05-19 00:00:00",81197,80742,-0.56,80647,82175
"2020-05-20 00:00:00",80747,81319,0.71,80740,82290
"2020-05-21 00:00:00",81320,83027,2.1,81317,83309
"2020-05-22 00:00:00",83027,82173,-1.03,81669,83027
"2020-05-25 00:00:00",82198,85663,4.25,82193,85876
"2020-05-26 00:00:00",85668,85469,-0.23,85396,87333
"2020-05-27 00:00:00",85468,87946,2.9,85468,87946
"2020-05-28 00:00:00",87946,86949,-1.13,86767,88091
"2020-05-29 00:00:00",86951,87410,0.53,85384,87410
"2020-06-01 00:00:00",87395,88620,1.38,86837,89019
"2020-06-02 00:00:00",88622,91046,2.74,88622,91046
"2020-06-03 00:00:00",91048,93002,2.15,91048,93710
"2020-06-04 00:00:00",92993,93829,0.89,92221,94132
"2020-06-05 00:00:00",93839,94637,0.86,93839,97198
"2020-06-08 00:00:00",94640,97645,3.18,94635,97693
"2020-06-09 00:00:00",97644,96747,-0.92,95386,97644
"2020-06-10 00:00:00",96747,94686,-2.13,94665,97646
"2020-06-12 00:00:00",94677,92795,-2,90811,94703
"2020-06-15 00:00:00",92780,92376,-0.45,90148,93112
"2020-06-16 00:00:00",92387,93531,1.25,92387,95216
"2020-06-17 00:00:00",93531,95547,2.16,93531,96611
"2020-06-18 00:00:00",95547,96125,0.6,94698,97110
"2020-06-19 00:00:00",96138,96572,0.46,95874,97540
"2020-06-22 00:00:00",96572,95336,-1.28,94869,96870
"2020-06-23 00:00:00",95344,95975,0.67,95344,97486
"2020-06-24 00:00:00",95974,94377,-1.66,93259,95974
"2020-06-25 00:00:00",94382,95983,1.7,94152,96260
"2020-06-26 00:00:00",95979,93834,-2.24,93514,95979
"2020-06-29 00:00:00",93834,95735,2.03,93825,95735
"2020-06-30 00:00:00",95728,95056,-0.71,94806,96257
"2020-07-01 00:00:00",95062,96203,1.21,95062,96852
"2020-07-02 00:00:00",96206,96235,0.03,96052,97864
"2020-07-03 00:00:00",96237,96765,0.55,95803,96765
"2020-07-06 00:00:00",96776,98937,2.24,96768,99257
"2020-07-07 00:00:00",98937,97761,-1.19,97272,98938
"2020-07-08 00:00:00",97765,99770,2.05,97765,99973
"2020-07-09 00:00:00",99770,99160,-0.61,98861,100191
"2020-07-10 00:00:00",99160,100032,0.88,98739,100101
"2020-07-13 00:00:00",100027,98697,-1.33,98697,100858
"2020-07-14 00:00:00",98699,100440,1.77,98289,100632
"2020-07-15 00:00:00",100444,101791,1.34,100444,102114
"2020-07-16 00:00:00",101791,100553,-1.22,100160,101792
"2020-07-17 00:00:00",100554,102888,2.32,100554,103017
"2020-07-20 00:00:00",102888,104426,1.49,102744,104439
"2020-07-21 00:00:00",104426,104310,-0.11,103732,105449
"2020-07-22 00:00:00",104312,104290,-0.02,103277,104980
"2020-07-23 00:00:00",104291,102293,-1.91,102119,104949
"2020-07-24 00:00:00",102292,102382,0.09,100859,102694
"2020-07-27 00:00:00",102381,104477,2.05,102381,104585
"2020-07-28 00:00:00",104477,104109,-0.35,103592,104663
"2020-07-29 00:00:00",104112,105605,1.44,104112,105704
"2020-07-30 00:00:00",105605,105009,-0.56,103920,105607
"2020-07-31 00:00:00",105010,102912,-2,102642,105462
"2020-08-03 00:00:00",102913,102830,-0.08,102304,103863
"2020-08-04 00:00:00",102826,101216,-1.57,100005,103012
"2020-08-05 00:00:00",101220,102802,1.57,101220,103763
"2020-08-06 00:00:00",102795,104126,1.29,102795,104523
"2020-08-07 00:00:00",104116,102776,-1.3,101957,104126
"2020-08-10 00:00:00",102776,103444,0.65,101282,103722
"2020-08-11 00:00:00",103449,102174,-1.23,102174,104409
"2020-08-12 00:00:00",102176,102118,-0.06,100698,103116
"2020-08-13 00:00:00",102118,100461,-1.62,100187,103237
"2020-08-14 00:00:00",100469,101353,0.89,100445,101717
"2020-08-17 00:00:00",101348,99595,-1.73,98513,101689
"2020-08-18 00:00:00",99597,102065,2.48,99597,102247
"2020-08-19 00:00:00",102072,100854,-1.19,100800,102334
"2020-08-20 00:00:00",100853,101468,0.61,99131,101749
"2020-08-21 00:00:00",101460,101521,0.05,100412,101566
"2020-08-24 00:00:00",101525,102298,0.77,101525,102515
"2020-08-25 00:00:00",102293,102118,-0.18,101623,102708
"2020-08-26 00:00:00",102119,100627,-1.46,99359,102521
"2020-08-27 00:00:00",100625,100624,0,99857,101548
"2020-08-28 00:00:00",100631,102143,1.51,100631,102347
"2020-08-31 00:00:00",102142,99369,-2.72,99369,102142
"2020-09-01 00:00:00",99382,102168,2.82,99382,102238
"2020-09-02 00:00:00",102168,101911,-0.25,100872,102824
"2020-09-03 00:00:00",101911,100721,-1.17,99751,103226
"2020-09-04 00:00:00",100721,101242,0.52,98961,101582
"2020-09-08 00:00:00",101239,100050,-1.18,99373,101239
"2020-09-09 00:00:00",100050,101292,1.24,100050,101578
"2020-09-10 00:00:00",101291,98835,-2.43,98687,101536
"2020-09-11 00:00:00",98839,98363,-0.48,97758,99435
"2020-09-14 00:00:00",98367,100275,1.94,98367,100520
"2020-09-15 00:00:00",100277,100298,0.02,99647,100949
"2020-09-16 00:00:00",100299,99676,-0.62,99663,100663
"2020-09-17 00:00:00",99674,100098,0.42,98562,100251
"2020-09-18 00:00:00",100098,98290,-1.81,98045,100102
"2020-09-21 00:00:00",98283,96991,-1.32,95820,98283
"2020-09-22 00:00:00",96995,97294,0.31,96390,97684
"2020-09-23 00:00:00",97294,95735,-1.6,95728,97389
"2020-09-24 00:00:00",95735,97012,1.33,95653,97955
"2020-09-25 00:00:00",97011,96999,-0.01,95632,97012
"2020-09-28 00:00:00",97005,94666,-2.41,94371,98314
"2020-09-29 00:00:00",94665,93580,-1.15,93408,95505
"2020-09-30 00:00:00",93586,94603,1.09,93584,95340
"2020-10-01 00:00:00",94604,95479,0.93,93599,95486
"2020-10-02 00:00:00",95475,94016,-1.53,93897,95996
"2020-10-05 00:00:00",94019,96089,2.21,93984,96414
"2020-10-06 00:00:00",96091,95615,-0.49,95211,97405
"2020-10-07 00:00:00",95616,95526,-0.09,94881,96380
"2020-10-08 00:00:00",95530,97920,2.51,95530,97938
"2020-10-09 00:00:00",97924,97483,-0.45,97161,98642
"2020-10-13 00:00:00",97483,98503,1.05,97336,98998
"2020-10-14 00:00:00",98502,99334,0.84,98501,99571
"2020-10-15 00:00:00",99328,99054,-0.28,97778,99486
"2020-10-16 00:00:00",99054,98309,-0.75,98309,99172
"2020-10-19 00:00:00",98310,98658,0.35,98310,99917
"2020-10-20 00:00:00",98664,100540,1.91,98664,100722
"2020-10-21 00:00:00",100541,100552,0.01,100149,101586
"2020-10-22 00:00:00",100553,101918,1.36,100457,102020
"2020-10-23 00:00:00",101918,101260,-0.65,101188,102218
"2020-10-26 00:00:00",101260,101017,-0.24,99762,101784
"2020-10-27 00:00:00",101017,99606,-1.4,99414,101660
"2020-10-28 00:00:00",99598,95369,-4.25,95369,99598
"2020-10-29 00:00:00",95368,96582,1.27,93387,96688
